sequencial;latitude;longitude;uf;cnl;facilidade;id_facilidade;provedor;id_provedor;entrega;abordado;custo_de_acesso_proprio;instalacao_terceiros;mensalidade_terceiros;tipo_terceiros;id_da_sev;prazo;bb_ip;hp_bsod;codigo_spe;sinalizacao_sip;protocolo_gaia;obs;justificativa;ID Justificativa;status
7608021;-10,98779;-37,071565;SE;AJU;FO EDD DIRETO CLARO;6;EMBRATEL;8;AJU IT;NAO;9797;;;;851164;;;;;;0;ESTACAO SEAJU77;;;1
7618117;-12,241709;-38,947187;BA;FSA;FO EDD DIRETO CLARO;6;EMBRATEL;8;SDR RC;NAO;20188,63931;;;;856607;;;;;;0;ESTACAO BAFSA57;;;1
7654273;-12,4347037;-38,9458414;BA;SGC;TERCEIROS ETH;26;VTAL - BA;446;SDR RC;NAO;;10506,53229;1026,686513;3;877470;;78496;;;;0;FECHAMENTO LPU VTAL;FORA DE REDE;1;1
7654885;-5,53132;-47,45604;MA;ITZ;FO EDD ETH;7;EMBRATEL;8;SLS US;NAO;12042;;;;877868;;;;;;0;ESTACAO MAITZ15;;;1
7685973;-12,3618142;-38,8330411;BA;CJP;TERCEIROS ETH;26;VTAL - BA;446;SDR RC;NAO;;10506,53229;259,5553565;3;893095;;;;;;0;FECHAMENTO LPU VTAL;FORA DE REDE;1;1
7695469;-28,45361;-48,97144;SC;CPVA;TERCEIROS ETH;26;VTAL - SC;465;FNS PO;NAO;;10404,47867;1713,258524;3;898439;;78497;;;;0;FECHAMENTO LPU VTAL;FORA DE REDE;1;1
7695470;-20,7496235;-46,7491803;MG;IMS;TERCEIROS ETH;26;VTAL - MG;452;BHE ES;NAO;;10404,47867;1574,508682;3;898440;;78499;;;;0;FECHAMENTO LPU VTAL;FORA DE REDE;1;1
7698442;-10,8275951;-36,9357069;SE;BQS;TERCEIROS ETH;26;VTAL - SE;466;AJU IT;NAO;;22290,32548;241,627976;3;899803;;;;;;0;FECHAMENTO LPU VTAL;FORA DE REDE;1;1
7698468;-10,8275951;-36,9357069;SE;BQS;TERCEIROS ETH;26;VTAL - SE;466;AJU IT;NAO;;22290,32548;341,0838711;3;899828;;;;;;0;FECHAMENTO LPU VTAL;FORA DE REDE;1;1
7698491;-10,8275951;-36,9357069;SE;BQS;TERCEIROS ETH;26;VTAL - SE;466;AJU IT;NAO;;22290,32548;507,4866623;3;899849;;;;;;0;FECHAMENTO LPU VTAL;FORA DE REDE;1;1
7698733;-5,41660711;-47,5651941;MA;ITZ;TERCEIROS ETH;26;VTAL - MA;451;SLS US;NAO;;22018,60508;945,5212655;3;899983;;;;;;0;FECHAMENTO LPU VTAL;FORA DE REDE;1;1
7698753;-5,41660711;-47,5651941;MA;ITZ;TERCEIROS ETH;26;VTAL - MA;451;SLS US;NAO;;22018,60508;945,5212655;3;899993;;;;;;0;FECHAMENTO LPU VTAL;FORA DE REDE;1;1
7712615;-11,123518;-62,3707933;RO;URUW;TERCEIROS ETH;26;VTAL - RO;462;PVO FQ;NAO;;9913,716982;327,3005629;3;908379;;;;;;0;FECHAMENTO LPU VTAL;FORA DE REDE;1;1
7718228;-22,8134843;-43,0707792;RJ;SGO;FO EDD CLARO PRE VIAVEL;5;EMBRATEL;8;RJO AM;NAO;17480,16379;;;;911902;;;;;;0;ESTACAO RJSGO39;;;1
7718229;-22,8134843;-43,0707792;RJ;SGO;FO EDD CLARO PRE VIAVEL;5;EMBRATEL;8;RJO AM;NAO;17480,16379;;;;911903;;;;;;0;ESTACAO RJSGO39;;;1
7718231;-22,8134843;-43,0707792;RJ;SGO;FO EDD CLARO PRE VIAVEL;5;EMBRATEL;8;RJO AM;NAO;17480,16379;;;;911905;;;;;;0;ESTACAO RJSGO39;;;1
7724087;-29,4408496;-49,9030244;RS;TCC;TERCEIROS ETH;26;VTAL - RS;464;PAE BV;NAO;;10404,47867;510,0825582;3;915274;;;;;;0;FECHAMENTO LPU VTAL;FORA DE REDE;1;1
7724101;-11,7836842;-37,9546842;BA;ESA;TERCEIROS ETH;26;VTAL - BA;446;SDR RC;NAO;;10506,53229;599,8179325;3;915285;;;;;;0;FECHAMENTO LPU VTAL;FORA DE REDE;1;1
7724132;-3,43578138;-39,1502872;CE;PWB;TERCEIROS ETH;26;VTAL - CE;447;FLA PV;NAO;;9913,716982;550,4278238;3;915306;;;;;;0;FECHAMENTO LPU VTAL;FORA DE REDE;1;1
7724434;-10,083058;-38,3406635;BA;JRO;TERCEIROS ETH;26;VTAL - BA;446;SDR RC;NAO;;9913,716982;868,4422858;3;915450;;;;;;0;FECHAMENTO LPU VTAL;FORA DE REDE;1;1
7724437;-12,2442242;-38,9856457;BA;FSA;TERCEIROS ETH;26;VTAL - BA;446;SDR RC;NAO;;9913,716982;1453,555094;3;915452;;78500;;;;0;FECHAMENTO LPU VTAL;FORA DE REDE;1;1
7724442;-12,2442242;-38,9856457;BA;FSA;TERCEIROS ETH;26;VTAL - BA;446;SDR RC;NAO;;9913,716982;1026,686513;3;915454;;78501;;;;0;FECHAMENTO LPU VTAL;FORA DE REDE;1;1
7734624;-21,2156;-43,7325;MG;BCA;TERCEIROS ETH;26;VTAL - MG;452;BHE ES;NAO;;11048,84306;4455,158901;3;924291;;78503;;;;0;FECHAMENTO LPU VTAL;FORA DE REDE;1;1
7740895;-10,6949444;-48,3839245;TO;PXC;TERCEIROS ETH;26;VTAL - TO;468;PMJ SO;NAO;;9913,716982;2060,341711;3;930033;;78504;;;;0;FECHAMENTO LPU VTAL;FORA DE REDE;1;1
7740897;-10,6949444;-48,3839245;TO;PXC;TERCEIROS ETH;26;VTAL - TO;468;PMJ SO;NAO;;9913,716982;3948,028043;3;930035;;78505;;;;0;FECHAMENTO LPU VTAL;FORA DE REDE;1;1
7740966;-29,0742263;-53,8511415;RS;TPE;TERCEIROS ETH;26;VTAL - RS;464;PAE BV;NAO;;10404,47867;724,7826885;3;930071;;78506;;;;0;FECHAMENTO LPU VTAL;FORA DE REDE;1;1
7740991;-28,41676;-54,93828;RS;SIA;TERCEIROS ETH;26;VTAL - RS;464;PAE BV;NAO;;11048,84306;724,7826885;3;930087;;78507;;;;0;FECHAMENTO LPU VTAL;FORA DE REDE;1;1
7741145;-18,9187298;-47,0300392;MG;PTC;TERCEIROS ETH;26;VTAL - MG;452;BHE ES;NAO;;33156,7031;1574,508682;3;930168;;78508;;;;0;FECHAMENTO LPU VTAL;FORA DE REDE;1;1
7744250;-30,1410779;-52,0024884;RS;BUA;TERCEIROS ETH;26;VTAL - RS;464;PAE BV;NAO;;11048,84306;467,2176949;3;932967;;;;;;0;FECHAMENTO LPU VTAL;FORA DE REDE;1;1
7747364;-10,7150375;-62,25479;RO;OPO;TERCEIROS ETH;26;VTAL - RO;462;PVO FQ;NAO;;9913,716982;195,3393498;3;935336;;;;;;0;FECHAMENTO LPU VTAL;FORA DE REDE;1;1
7748393;-12,7541812;-60,1034167;RO;VHA;TERCEIROS ETH;26;VTAL - RO;462;PVO FQ;NAO;;9913,716982;945,5212655;3;935789;;;;;;0;FECHAMENTO LPU VTAL;FORA DE REDE;1;1
7748394;-12,7541812;-60,1034167;RO;VHA;TERCEIROS ETH;26;VTAL - RO;462;PVO FQ;NAO;;9913,716982;945,5212655;3;935790;;;;;;0;FECHAMENTO LPU VTAL;FORA DE REDE;1;1
7748570;-19,723257;-40,374248;ES;JNV;TERCEIROS ETH;26;VTAL - ES;449;VTA JM;NAO;;22248,94848;433,0215086;3;935871;;;;;;0;FECHAMENTO LPU VTAL;FORA DE REDE;1;1
7748598;-8,05589595;-37,2711892;PE;STN;TERCEIROS ETH;26;VTAL - PE;457;RCE AM;NAO;;22290,32548;424,5468808;3;935885;;;;;;0;FECHAMENTO LPU VTAL;FORA DE REDE;1;1
7755956;-10,7370296;-48,4066548;TO;PXC;TERCEIROS ETH;26;VTAL - TO;468;PMJ SO;NAO;;9913,716982;3948,028043;3;937856;;78510;;;;0;FECHAMENTO LPU VTAL;FORA DE REDE;1;1
7755957;-10,7370296;-48,4066548;TO;PXC;TERCEIROS ETH;26;VTAL - TO;468;PMJ SO;NAO;;9913,716982;2060,341711;3;937857;;78511;;;;0;FECHAMENTO LPU VTAL;FORA DE REDE;1;1
7757266;-29,1471665;-51,1525022;RS;CSL;TERCEIROS ETH;26;VTAL - RS;464;PAE BV;NAO;;10404,47867;3219,018498;3;938101;;78512;;;;0;FECHAMENTO LPU VTAL;FORA DE REDE;1;1
7757961;-9,46984159;-35,834791;AL;RGO;FO EDD CLARO PRE VIAVEL;5;EMBRATEL;8;MCO MS;NAO;18271,19728;;;;938204;;;;;;0;ESTACAO ALRGO03;;;1
7777077;-22,7366101;-46,1317663;MG;CDU;TERCEIROS ETH;26;VTAL - MG;452;BHE ES;NAO;;10404,47867;2273,291487;3;941192;;78513;;;;0;FECHAMENTO LPU VTAL;FORA DE REDE;1;1
7791368;-17,9230074;-51,6900333;GO;JTI;TERCEIROS ETH;26;VTAL - GO;450;GNA RD;NAO;;9913,716982;868,4422858;3;952116;;;;;;0;FECHAMENTO LPU VTAL;FORA DE REDE;1;1
7792596;-12,918389;-46,953278;TO;AAX;TERCEIROS ETH;26;VTAL - TO;468;PMJ SO;NAO;;9913,716982;195,3393498;3;952963;;;;;;0;FECHAMENTO LPU VTAL;FORA DE REDE;1;1
7792597;-8,823722;-49,557;TO;AGC;FO EDD DIRETO CLARO;6;EMBRATEL;8;PMJ SO;NAO;20628,79838;;;;952964;;;;;;0;ESTACAO TOAGC03;;;1
7801298;-8,88878;-36,493255;PE;GUS;TERCEIROS ETH;26;VTAL - PE;457;RCE AM;NAO;;9913,716982;2694,162294;3;954447;;78514;;;;0;FECHAMENTO LPU VTAL;FORA DE REDE;1;1
7801299;-8,88878;-36,493255;PE;GUS;TERCEIROS ETH;26;VTAL - PE;457;RCE AM;NAO;;9913,716982;2694,162294;3;954448;;78515;;;;0;FECHAMENTO LPU VTAL;FORA DE REDE;1;1
7804853;-9,0105;-35,2208;AL;MGI;TERCEIROS ETH;26;VTAL - AL;443;MCO MS;NAO;;9913,716982;362,5354238;3;956528;;;;;;0;FECHAMENTO LPU VTAL;FORA DE REDE;1;1
7804855;-9,053308;-35,397733;AL;PCV;TERCEIROS ETH;26;VTAL - AL;443;MCO MS;NAO;;9913,716982;362,5354238;3;956530;;;;;;0;FECHAMENTO LPU VTAL;FORA DE REDE;1;1
7804857;-9,3195869;-35,560517;AL;SLQ;TERCEIROS ETH;26;VTAL - AL;443;MCO MS;NAO;;9913,716982;362,5354238;3;956532;;;;;;0;FECHAMENTO LPU VTAL;FORA DE REDE;1;1
7804859;-9,40359;-35,5117;AL;BNA;TERCEIROS ETH;26;VTAL - AL;443;MCO MS;NAO;;9913,716982;341,0838711;3;956534;;;;;;0;FECHAMENTO LPU VTAL;FORA DE REDE;1;1
7806731;-9,53237519;-35,791001;AL;MCO;TERCEIROS ETH;26;VTAL - AL;443;MCO MS;NAO;;6504,158903;190,4906493;3;957525;;;;;;0;FECHAMENTO LPU VTAL;FORA DE REDE;1;1
7806732;-9,53237519;-35,791001;AL;MCO;TERCEIROS ETH;26;VTAL - AL;443;MCO MS;NAO;;6504,158903;190,4906493;3;957526;;;;;;0;FECHAMENTO LPU VTAL;FORA DE REDE;1;1
7807376;-19,92049;-43,919864;MG;BHE;TERCEIROS ETH;26;VTAL - MG;452;BHE ES;NAO;;9231,688669;409,1069142;3;957831;;;;;;0;FECHAMENTO LPU VTAL;FORA DE REDE;1;1
7807479;-29,943088;-51,718699;RS;TRF;TERCEIROS ETH;26;VTAL - RS;464;PAE BV;NAO;;10404,47867;359,93828;3;957860;;;;;;0;FECHAMENTO LPU VTAL;FORA DE REDE;1;1
7807508;-11,1714;-61,9028;RO;PYM;TERCEIROS ETH;26;VTAL - RO;462;PVO FQ;NAO;;9913,716982;424,5468808;3;957879;;;;;;0;FECHAMENTO LPU VTAL;FORA DE REDE;1;1
7807835;-13,6628027;-59,80796;MT;CMZ;TERCEIROS ETH;26;VTAL - MT;456;CBA MC;NAO;;9913,716982;520,1150715;3;958151;;;;;;0;FECHAMENTO LPU VTAL;FORA DE REDE;1;1
7808349;-6,0729706;-35,239453;RN;SII;TERCEIROS ETH;26;VTAL - RN;461;NTL JU;NAO;;9913,716982;341,0838711;3;958441;;;;;;0;FECHAMENTO LPU VTAL;FORA DE REDE;1;1
7809139;-20,8312661;-43,805539;MG;CIY;TERCEIROS ETH;26;VTAL - MG;452;BHE ES;NAO;;10404,47867;310,5460588;3;958913;;;;;;0;FECHAMENTO LPU VTAL;FORA DE REDE;1;1
7809610;-20,8312661;-43,8055394;MG;CIY;TERCEIROS ETH;26;VTAL - MG;452;BHE ES;NAO;;10404,47867;310,5460588;3;959177;;;;;;0;FECHAMENTO LPU VTAL;FORA DE REDE;1;1
7809936;-23,311476;-51,148156;PR;LDA;FO EDD CLARO PRE VIAVEL;5;EMBRATEL;8;CTA MR;NAO;20766,54481;;;;959378;;78516;;;;0;ESTACAO PRLDA70;;;1
7811098;-21,9231;-46,3891;MG;CAD;TERCEIROS ETH;26;VTAL - MG;452;BHE ES;NAO;;10404,47867;528,5838385;3;960102;;;;;;0;FECHAMENTO LPU VTAL;FORA DE REDE;1;1
7811805;-17,5360153;-39,7507078;BA;TAF;TERCEIROS ETH;26;VTAL - BA;446;SDR RC;NAO;;9913,716982;1026,686513;3;960537;;78517;;;;0;FECHAMENTO LPU VTAL;FORA DE REDE;1;1
7812485;-11,658207;-39,006185;BA;SEH;TERCEIROS ETH;26;VTAL - BA;446;SDR RC;NAO;;9913,716982;4446,7985;3;960895;;78518;;;;0;FECHAMENTO LPU VTAL;FORA DE REDE;1;1
7812816;-22,608961;-43,3020028;RJ;DQX;TERCEIROS ETH;26;VTAL - RJ;460;RJO AM;NAO;;9913,716982;871,6128341;3;961100;;78519;;;;0;FECHAMENTO LPU VTAL;FORA DE REDE;1;1
7814183;-12,0343771;-48,5401762;TO;PXE;TERCEIROS ETH;26;VTAL - TO;468;PMJ SO;NAO;;9913,716982;424,5468808;3;962074;;;;;;0;FECHAMENTO LPU VTAL;FORA DE REDE;1;1
7814190;-11,7099184;-47,7287983;TO;NDD;TERCEIROS ETH;26;VTAL - TO;468;PMJ SO;NAO;;9913,716982;424,5468808;3;962078;;;;;;0;FECHAMENTO LPU VTAL;FORA DE REDE;1;1
7814193;-12,9322713;-46,9443976;TO;AAX;TERCEIROS ETH;26;VTAL - TO;468;PMJ SO;NAO;;9913,716982;424,5468808;3;962079;;;;;;0;FECHAMENTO LPU VTAL;FORA DE REDE;1;1
7814223;-9,56054919;-48,3901613;TO;MNE;TERCEIROS ETH;26;VTAL - TO;468;PMJ SO;NAO;;9913,716982;927,9062956;3;962092;;78520;;;;0;FECHAMENTO LPU VTAL;FORA DE REDE;1;1
7814231;-7,33845856;-47,495812;TO;FLF;TERCEIROS ETH;26;VTAL - TO;468;PMJ SO;NAO;;9913,716982;1721,242625;3;962100;;78521;;;;0;FECHAMENTO LPU VTAL;FORA DE REDE;1;1
7814233;-6,32759737;-47,4276042;TO;TNS;TERCEIROS ETH;26;VTAL - TO;468;PMJ SO;NAO;;9913,716982;1721,242625;3;962102;;78522;;;;0;FECHAMENTO LPU VTAL;FORA DE REDE;1;1
7814236;-12,0343771;-48,5401762;TO;PXE;TERCEIROS ETH;26;VTAL - TO;468;PMJ SO;NAO;;9913,716982;1180,106692;3;962105;;78523;;;;0;FECHAMENTO LPU VTAL;FORA DE REDE;1;1
7814237;-11,7099184;-47,7287983;TO;NDD;TERCEIROS ETH;26;VTAL - TO;468;PMJ SO;NAO;;9913,716982;1180,106692;3;962106;;78524;;;;0;FECHAMENTO LPU VTAL;FORA DE REDE;1;1
7814240;-5,64754594;-48,1204233;TO;AGN;TERCEIROS ETH;26;VTAL - TO;468;PMJ SO;NAO;;9913,716982;927,9062956;3;962109;;78525;;;;0;FECHAMENTO LPU VTAL;FORA DE REDE;1;1
7814244;-5,46839629;-47,8833686;TO;AIO;TERCEIROS ETH;26;VTAL - TO;468;PMJ SO;NAO;;9913,716982;1721,242625;3;962113;;78526;;;;0;FECHAMENTO LPU VTAL;FORA DE REDE;1;1
7814246;-12,9322713;-46,9443976;TO;AAX;TERCEIROS ETH;26;VTAL - TO;468;PMJ SO;NAO;;9913,716982;1180,106692;3;962115;;78527;;;;0;FECHAMENTO LPU VTAL;FORA DE REDE;1;1
7814247;-10,710556;-48,41025;TO;PXC;TERCEIROS ETH;26;VTAL - TO;468;PMJ SO;NAO;;9913,716982;1305,384767;3;962116;;78528;;;;0;FECHAMENTO LPU VTAL;FORA DE REDE;1;1
7814251;-12,4805638;-49,1248741;TO;AVO;TERCEIROS ETH;26;VTAL - TO;468;PMJ SO;NAO;;9913,716982;1180,106692;3;962120;;78529;;;;0;FECHAMENTO LPU VTAL;FORA DE REDE;1;1
7814254;-8,81991211;-49,5603253;TO;AGC;FO EDD DIRETO CLARO;6;EMBRATEL;8;PMJ SO;NAO;9797;;;;962123;;78530;;;;0;ESTACAO TOAGC03;;;1
7814256;-11,8014452;-49,5284981;TO;FOR;TERCEIROS ETH;26;VTAL - TO;468;PMJ SO;NAO;;9913,716982;927,9062956;3;962125;;78531;;;;0;FECHAMENTO LPU VTAL;FORA DE REDE;1;1
7815130;-7,23040084;-39,3855566;CE;CTO;TERCEIROS ETH;26;VTAL - CE;447;FLA PV;NAO;;9913,716982;1721,242625;3;962624;;78532;;;;0;FECHAMENTO LPU VTAL;FORA DE REDE;1;1
7815145;-7,23040084;-39,3855566;CE;CTO;TERCEIROS ETH;26;VTAL - CE;447;FLA PV;NAO;;9913,716982;2497,719497;3;962630;;78533;;;;0;FECHAMENTO LPU VTAL;FORA DE REDE;1;1
7815146;-7,23040084;-39,3855566;CE;CTO;TERCEIROS ETH;26;VTAL - CE;447;FLA PV;NAO;;9913,716982;2497,719497;3;962631;;78534;;;;0;FECHAMENTO LPU VTAL;FORA DE REDE;1;1
7815147;-7,23040084;-39,3855566;CE;CTO;TERCEIROS ETH;26;VTAL - CE;447;FLA PV;NAO;;9913,716982;4050,673239;3;962632;;78535;;;;0;FECHAMENTO LPU VTAL;FORA DE REDE;1;1
7815148;-7,23040084;-39,3855566;CE;CTO;TERCEIROS ETH;26;VTAL - CE;447;FLA PV;NAO;;9913,716982;4050,673239;3;962633;;78536;;;;0;FECHAMENTO LPU VTAL;FORA DE REDE;1;1
7815153;-12,7896557;-38,4758544;BA;SDR;TERCEIROS ETH;26;VTAL - BA;446;SDR RC;NAO;;6504,158903;625,4441546;3;962636;;78537;;;;0;FECHAMENTO LPU VTAL;FORA DE REDE;1;1
7815154;-12,7896557;-38,4758544;BA;SDR;TERCEIROS ETH;26;VTAL - BA;446;SDR RC;NAO;;6504,158903;850,5930647;3;962637;;78538;;;;0;FECHAMENTO LPU VTAL;FORA DE REDE;1;1
7815155;-12,7896557;-38,4758544;BA;SDR;TERCEIROS ETH;26;VTAL - BA;446;SDR RC;NAO;;6504,158903;1301,201055;3;962638;;78539;;;;0;FECHAMENTO LPU VTAL;FORA DE REDE;1;1
7815353;-25,5497018;-54,585856;PR;FOZ;TERCEIROS ETH;26;VTAL - PR;459;CTA MR;NAO;;10404,47867;1214,213798;3;962744;;78540;;;;0;FECHAMENTO LPU VTAL;FORA DE REDE;1;1
7815357;-5,20221104;-39,2840603;CE;QXM;TERCEIROS ETH;26;VTAL - CE;447;FLA PV;NAO;;10506,53229;676,1444096;3;962746;;;;;;0;FECHAMENTO LPU VTAL;FORA DE REDE;1;1
7815362;-25,4834999;-54,4925101;PR;FOZ;TERCEIROS ETH;26;VTAL - PR;459;CTA MR;NAO;;22297,01258;1214,213798;3;962748;;78541;;;;0;FECHAMENTO LPU VTAL;FORA DE REDE;1;1
7815370;-3,77875453;-38,5405557;CE;FLA;FO EDD DIRETO CLARO;6;EMBRATEL;8;FLA PV;NAO;29746,78813;;;;962753;;;;;;0;ESTACAO CEAER01;;;1
7815388;-7,06319341;-34,8560637;PB;CBD;TERCEIROS ETH;26;VTAL - PB;455;JPA TR;NAO;;9913,716982;3948,028043;3;962762;;78543;;;;0;FECHAMENTO LPU VTAL;FORA DE REDE;1;1
7815389;-7,06319341;-34,8560637;PB;CBD;TERCEIROS ETH;26;VTAL - PB;455;JPA TR;NAO;;9913,716982;3948,028043;3;962763;;78544;;;;0;FECHAMENTO LPU VTAL;FORA DE REDE;1;1
7815408;-22,7232406;-43,7100828;RJ;SERP;TERCEIROS ETH;26;VTAL - RJ;460;RJO AM;NAO;;10168,7189;482,7858426;3;962774;;;;;;0;FECHAMENTO LPU VTAL;FORA DE REDE;1;1
7815409;-22,7232406;-43,7100828;RJ;SERP;TERCEIROS ETH;26;VTAL - RJ;460;RJO AM;NAO;;10168,7189;482,7858426;3;962775;;;;;;0;FECHAMENTO LPU VTAL;FORA DE REDE;1;1
7815474;-26,2431585;-51,0898716;PR;UVA;TERCEIROS ETH;26;VTAL - PR;459;CTA MR;NAO;;10404,47867;1754,860826;3;962808;;78547;;;;0;FECHAMENTO LPU VTAL;FORA DE REDE;1;1
7815475;-26,2431585;-51,0898716;PR;UVA;TERCEIROS ETH;26;VTAL - PR;459;CTA MR;NAO;;10404,47867;1754,860826;3;962809;;78548;;;;0;FECHAMENTO LPU VTAL;FORA DE REDE;1;1
7815501;-25,43427;-49,27135;PR;CTA;FO EDD DIRETO CLARO;6;EMBRATEL;8;CTA MR;NAO;9797;;;;962824;;78549;;;;0;ESTACAO PRCCEB7;;;1
7815708;-23,039836;-46,6928387;SP;JIU;FO EDD CLARO PRE VIAVEL;5;EMBRATEL;8;SPO IG;NAO;9797;;;;962938;;78550;;;;0;ESTACAO SMJIU05;;;1
7815710;-23,039836;-46,6928387;SP;JIU;FO EDD CLARO PRE VIAVEL;5;EMBRATEL;8;SPO IG;NAO;9797;;;;962940;;78551;;;;0;ESTACAO SMJIU05;;;1
7815712;-23,039836;-46,6928387;SP;JIU;FO EDD CLARO PRE VIAVEL;5;EMBRATEL;8;SPO IG;NAO;9797;;;;962941;;78552;;;;0;ESTACAO SMJIU05;;;1
7815887;-6,07200995;-35,2383034;RN;SII;TERCEIROS ETH;26;VTAL - RN;461;NTL JU;NAO;;9913,716982;188,811206;3;963001;;;;;;0;FECHAMENTO LPU VTAL;FORA DE REDE;1;1
7815890;-6,07200995;-35,2383034;RN;SII;TERCEIROS ETH;26;VTAL - RN;461;NTL JU;NAO;;9913,716982;188,811206;3;963002;;;;;;0;FECHAMENTO LPU VTAL;FORA DE REDE;1;1
7815930;-19,4823305;-46,542477;MG;IBY;TERCEIROS ETH;26;VTAL - MG;452;BHE ES;NAO;;10404,47867;1574,508682;3;963019;;78553;;;;0;FECHAMENTO LPU VTAL;FORA DE REDE;1;1
7815958;-22,8989263;-43,2114302;RJ;RJO;TERCEIROS ETH;26;VTAL - RJ;460;RJO AM;NAO;;8501,152813;496,9355206;3;963037;;;;;;0;FECHAMENTO LPU VTAL;FORA DE REDE;1;1
7816020;-22,83914;-46,33694;MG;EXM;TERCEIROS ETH;26;VTAL - MG;452;BHE ES;NAO;;11048,84306;320,8136577;3;963080;;;;;;0;FECHAMENTO LPU VTAL;FORA DE REDE;1;1
7816496;-25,7461872;-53,044459;PR;DVZ;FO EDD DIRETO CLARO;6;EMBRATEL;8;CTA MR;NAO;55169,06582;;;;963347;;;;;;0;ESTACAO PRDVZ01;;;1
7816578;-19,4797367;-44,155804;MG;PUD;TERCEIROS ETH;26;VTAL - MG;452;BHE ES;NAO;;10404,47867;395,4203354;3;963393;;;;;;0;FECHAMENTO LPU VTAL;FORA DE REDE;1;1
7816579;-19,4797367;-44,155804;MG;PUD;TERCEIROS ETH;26;VTAL - MG;452;BHE ES;NAO;;10404,47867;395,4203354;3;963394;;;;;;0;FECHAMENTO LPU VTAL;FORA DE REDE;1;1
7816608;-23,6659078;-51,357277;PR;CFN;TERCEIROS ETH;26;VTAL - PR;459;CTA MR;NAO;;10404,47867;375,9790079;3;963417;;;;;;0;FECHAMENTO LPU VTAL;FORA DE REDE;1;1
7816609;-23,6659078;-51,357277;PR;CFN;TERCEIROS ETH;26;VTAL - PR;459;CTA MR;NAO;;10404,47867;375,9790079;3;963418;;;;;;0;FECHAMENTO LPU VTAL;FORA DE REDE;1;1
7816704;-10,5683501;-48,9113004;TO;NRL;TERCEIROS ETH;26;VTAL - TO;468;PMJ SO;NAO;;9913,716982;362,5354238;3;963505;;;;;;0;FECHAMENTO LPU VTAL;FORA DE REDE;1;1
7816705;-10,5683501;-48,9113004;TO;NRL;TERCEIROS ETH;26;VTAL - TO;468;PMJ SO;NAO;;9913,716982;362,5354238;3;963506;;;;;;0;FECHAMENTO LPU VTAL;FORA DE REDE;1;1
7816714;-12,7127926;-46,4082275;TO;AUT;TERCEIROS ETH;26;VTAL - TO;468;PMJ SO;NAO;;9913,716982;362,5354238;3;963515;;;;;;0;FECHAMENTO LPU VTAL;FORA DE REDE;1;1
7816719;-20,0871894;-43,789889;MG;RCM;TERCEIROS ETH;26;VTAL - MG;452;BHE ES;NAO;;10404,47867;312,4608494;3;963520;;;;;;0;FECHAMENTO LPU VTAL;FORA DE REDE;1;1
7816732;-20,0539447;-44,188115;MG;MRPS;TERCEIROS ETH;26;VTAL - MG;452;BHE ES;NAO;;10404,47867;608,2866995;3;963532;;;;;;0;FECHAMENTO LPU VTAL;FORA DE REDE;1;1
7816738;-9,4118015;-36,076621;AL;CPA;TERCEIROS ETH;26;VTAL - AL;443;MCO MS;NAO;;9913,716982;507,4866623;3;963537;;;;;;0;FECHAMENTO LPU VTAL;FORA DE REDE;1;1
7816742;-9,46539999;-35,547883;AL;PAPU;TERCEIROS ETH;26;VTAL - AL;443;MCO MS;NAO;;9913,716982;341,0838711;3;963541;;;;;;0;FECHAMENTO LPU VTAL;FORA DE REDE;1;1
7816744;-27,1762821;-53,7144461;SC;IPX;FO EDD ETH;7;EMBRATEL;8;FNS PO;NAO;12042;;;;963543;;;;;;0;ESTACAO SCIPX01;;;1
7816857;-25,7302125;-53,059518;PR;DVZ;FO EDD CLARO PRE VIAVEL;5;EMBRATEL;8;CTA MR;NAO;41327,37288;;;;963606;;;;;;0;ESTACAO PRDVZ02;;;1
7816879;-25,9160794;-53,473956;PR;AEE;TERCEIROS ETH;26;VTAL - PR;459;CTA MR;NAO;;10404,47867;243,6976006;3;963615;;;;;;0;FECHAMENTO LPU VTAL;FORA DE REDE;1;1
7816880;-25,9160794;-53,473956;PR;AEE;TERCEIROS ETH;26;VTAL - PR;459;CTA MR;NAO;;10404,47867;243,6976006;3;963616;;;;;;0;FECHAMENTO LPU VTAL;FORA DE REDE;1;1
7816883;-22,90263;-43,18404;RJ;RJO;TERCEIROS ETH;26;VTAL - RJ;460;RJO AM;NAO;;8501,152813;496,9355206;3;963618;;;;;;0;FECHAMENTO LPU VTAL;FORA DE REDE;1;1
7816923;-12,1177721;-38,393433;BA;ALH;TERCEIROS ETH;26;VTAL - BA;446;SDR RC;NAO;;10506,53229;775,6937628;3;963633;;78554;;;;0;FECHAMENTO LPU VTAL;FORA DE REDE;1;1
7816957;-27,1512267;-48,5002756;SC;BOMB;FO EDD ETH;7;EMBRATEL;8;FNS PO;NAO;19718,27868;;;;963646;;;;;;0;ESTACAO SCBMB05;;;1
7816958;-27,1512267;-48,5002756;SC;BOMB;FO EDD ETH;7;EMBRATEL;8;FNS PO;NAO;19718,27868;;;;963647;;;;;;0;ESTACAO SCBMB05;;;1
7817021;-9,19147119;-63,18791;RO;ITDO;TERCEIROS ETH;26;VTAL - RO;462;PVO FQ;NAO;;9913,716982;362,5354238;3;963702;;;;;;0;FECHAMENTO LPU VTAL;FORA DE REDE;1;1
7817025;-8,8417066;-69,262956;AC;MLU;FO EDD DIRETO CLARO;6;EMBRATEL;8;RBO RB;NAO;17319,76658;;;;963706;;;;;;0;ESTACAO ACMLU01;;;1
7817028;-5,7076034;-35,2887193;RN;EXZ;TERCEIROS ETH;26;VTAL - RN;461;NTL JU;NAO;;9913,716982;424,5468808;3;963709;;;;;;0;FECHAMENTO LPU VTAL;FORA DE REDE;1;1
7817035;-7,4444592;-40,661948;PI;MCLD;TERCEIROS ETH;26;VTAL - PI;458;TSA AN;NAO;;9913,716982;424,5468808;3;963716;;;;;;0;FECHAMENTO LPU VTAL;FORA DE REDE;1;1
7817041;-5,7076034;-35,2887193;RN;EXZ;TERCEIROS ETH;26;VTAL - RN;461;NTL JU;NAO;;9913,716982;424,5468808;3;963722;;;;;;0;FECHAMENTO LPU VTAL;FORA DE REDE;1;1
7817088;-13,3815683;-39,0768011;BA;VEC;TERCEIROS ETH;26;VTAL - BA;446;SDR RC;NAO;;10506,53229;217,5783592;3;963749;;;;;;0;FECHAMENTO LPU VTAL;FORA DE REDE;1;1
7817089;-8,6826873;-35,583083;PE;PLS;TERCEIROS ETH;26;VTAL - PE;457;RCE AM;NAO;;9913,716982;212,8161029;3;963750;;;;;;0;FECHAMENTO LPU VTAL;FORA DE REDE;1;1
7817099;-15,92257;-50,1375;MG;BHE;TERCEIROS ETH;26;VTAL - MG;452;BHE ES;NAO;;22297,01258;409,1069142;3;963752;;;;;;0;FECHAMENTO LPU VTAL;FORA DE REDE;1;1
7817100;-15,92257;-50,1375;MG;BHE;TERCEIROS ETH;26;VTAL - MG;452;BHE ES;NAO;;22297,01258;409,1069142;3;963753;;;;;;0;FECHAMENTO LPU VTAL;FORA DE REDE;1;1
7817103;-6,479529;-37,0721438;RN;CIC;TERCEIROS ETH;26;VTAL - RN;461;NTL JU;NAO;;9913,716982;224,9378541;3;963756;;;;;;0;FECHAMENTO LPU VTAL;FORA DE REDE;1;1
7817157;-3,6789489;-39,349439;CE;URM;TERCEIROS ETH;26;VTAL - CE;447;FLA PV;NAO;;9913,716982;676,1444096;3;963786;;;;;;0;FECHAMENTO LPU VTAL;FORA DE REDE;1;1
7817167;-23,6716099;-49,837195;PR;SQC;TERCEIROS ETH;26;VTAL - PR;459;CTA MR;NAO;;10404,47867;397,4305607;3;963796;;;;;;0;FECHAMENTO LPU VTAL;FORA DE REDE;1;1
7817168;-23,6716099;-49,837195;PR;SQC;TERCEIROS ETH;26;VTAL - PR;459;CTA MR;NAO;;10404,47867;397,4305607;3;963797;;;;;;0;FECHAMENTO LPU VTAL;FORA DE REDE;1;1
7817187;-23,6765449;-46,678159;SP;SPO;FO EDD CLARO PRE VIAVEL;5;EMBRATEL;8;SPO IG;NAO;10927,68726;;;;963816;;;;;;0;ESTACAO SMSRO09;;;1
7817188;-23,6765449;-46,678159;SP;SPO;FO EDD CLARO PRE VIAVEL;5;EMBRATEL;8;SPO IG;NAO;10927,68726;;;;963817;;;;;;0;ESTACAO SMSRO09;;;1
7817197;-11,973587;-48,2345908;TO;SVV;TERCEIROS ETH;26;VTAL - TO;468;PMJ SO;NAO;;10506,53229;424,5468808;3;963826;;;;;;0;FECHAMENTO LPU VTAL;FORA DE REDE;1;1
7817198;-11,973587;-48,2345908;TO;SVV;TERCEIROS ETH;26;VTAL - TO;468;PMJ SO;NAO;;10506,53229;424,5468808;3;963827;;;;;;0;FECHAMENTO LPU VTAL;FORA DE REDE;1;1
7817289;-16,568413;-49,691961;GO;SNK;TERCEIROS ETH;26;VTAL - GO;450;GNA RD;NAO;;10506,53229;432,2843158;3;963882;;;;;;0;FECHAMENTO LPU VTAL;FORA DE REDE;1;1
7817307;-14,738557;-50,540072;GO;MDV;TERCEIROS ETH;26;VTAL - GO;450;GNA RD;NAO;;33146,1948;868,4422858;3;963894;;;;;;0;FECHAMENTO LPU VTAL;FORA DE REDE;1;1
7817379;-25,5490994;-49,3580918;PR;AUC;FO EDD DIRETO CLARO;6;EMBRATEL;8;CTA MR;NAO;33120,48037;;;;963934;;78555;;;;0;ESTACAO PRAUC20;;;1
7817520;-30,0324106;-51,1210974;RS;PAE;FO EDD CLARO PRE VIAVEL;5;EMBRATEL;8;PAE BV;NAO;9827,684238;;;;964013;;78556;;;;0;ESTACAO RSPNOA0;;;1
7817543;-18,4803072;-47,209865;MG;CEL;FO EDD CLARO PRE VIAVEL;5;EMBRATEL;8;BHE ES;NAO;52332,19958;;;;964027;;;;;;0;ESTACAO MGCRM02;;;1
7817552;-29,6531715;-52,2182648;RS;VAI;TERCEIROS ETH;26;VTAL - RS;464;PAE BV;NAO;;10404,47867;359,93828;3;964030;;;;;;0;FECHAMENTO LPU VTAL;FORA DE REDE;1;1
7817561;-23,5335432;-49,2437976;SP;TQB;FO EDD DIRETO CLARO;6;EMBRATEL;8;SPO IG;NAO;11282,22982;;;;964032;;;;;;0;ESTACAO SITQB01;;;1
7817728;-29,6749379;-51,2009699;RS;EVA;TERCEIROS ETH;26;VTAL - RS;464;PAE BV;NAO;;11048,84306;1061,235712;3;964129;;78557;;;;0;FECHAMENTO LPU VTAL;FORA DE REDE;1;1
7817797;-12,63934;-38,37347;BA;DSA;TERCEIROS ETH;26;VTAL - BA;446;SDR RC;NAO;;33146,1948;192,3955518;3;964156;;;;;;0;FECHAMENTO LPU VTAL;FORA DE REDE;1;1
7817798;-12,63934;-38,37347;BA;DSA;TERCEIROS ETH;26;VTAL - BA;446;SDR RC;NAO;;33146,1948;192,3955518;3;964157;;;;;;0;FECHAMENTO LPU VTAL;FORA DE REDE;1;1
7817892;-25,7697093;-53,533905;PR;RLZ;FO EDD DIRETO CLARO;6;EMBRATEL;8;CTA MR;NAO;18414,41922;;;;964193;;;;;;0;ESTACAO PRRLZ01;;;1
7817909;-22,8682196;-43,0914225;RJ;NRI;FO EDD CLARO PRE VIAVEL;5;EMBRATEL;8;RJO AM;NAO;30563,53105;;;;964203;;;;;;0;ESTACAO RJNIT98;;;1
7817916;-25,726045;-53,7587443;PR;PNT;TERCEIROS ETH;26;VTAL - PR;459;CTA MR;NAO;;10404,47867;542,3817991;3;964205;;;;;;0;FECHAMENTO LPU VTAL;FORA DE REDE;1;1
7817920;-25,726045;-53,7587443;PR;PNT;FO EDD ETH;7;EMBRATEL;8;CTA MR;NAO;12042;;;;964207;;;;;;0;ESTACAO PRPNT01;;;1
7817995;-25,42197;-50,0024451;PR;PEI;TERCEIROS ETH;26;VTAL - PR;459;CTA MR;NAO;;10404,47867;260,0179599;3;964258;;;;;;0;FECHAMENTO LPU VTAL;FORA DE REDE;1;1
7817999;-3,00555761;-60,0262167;AM;MNS;FO EDD ETH;7;EMBRATEL;8;MNS EM;NAO;12042;;;;964261;;;;;;0;ESTACAO AMMNS79;;;1
7818001;-25,7708014;-53,5338851;PR;RLZ;FO EDD DIRETO CLARO;6;EMBRATEL;8;CTA MR;NAO;11927,68969;;;;964263;;;;;;0;ESTACAO PRRLZ01;;;1
7818035;-20,0914553;-45,2872976;MG;SDT;TERCEIROS ETH;26;VTAL - MG;452;BHE ES;NAO;;10404,47867;226,1772632;3;964285;;;;;;0;FECHAMENTO LPU VTAL;FORA DE REDE;1;1
7818036;-20,0914553;-45,2872976;MG;SDT;TERCEIROS ETH;26;VTAL - MG;452;BHE ES;NAO;;10404,47867;226,1772632;3;964286;;;;;;0;FECHAMENTO LPU VTAL;FORA DE REDE;1;1
7818220;-22,813605;-43,071265;RJ;SGO;FO EDD CLARO PRE VIAVEL;5;EMBRATEL;8;RJO AM;NAO;17730,33111;;;;964385;;;;;;0;ESTACAO RJSGO39;;;1
7818221;-22,813605;-43,071265;RJ;SGO;FO EDD CLARO PRE VIAVEL;5;EMBRATEL;8;RJO AM;NAO;17730,33111;;;;964386;;;;;;0;ESTACAO RJSGO39;;;1
7818379;-12,9425196;-38,5004874;BA;SDR;TERCEIROS ETH;26;VTAL - BA;446;SDR RC;NAO;;6504,158903;2427,721029;3;964518;;78558;;;;0;FECHAMENTO LPU VTAL;FORA DE REDE;1;1
7818380;-12,9425196;-38,5004874;BA;SDR;TERCEIROS ETH;26;VTAL - BA;446;SDR RC;NAO;;6504,158903;2427,721029;3;964519;;78559;;;;0;FECHAMENTO LPU VTAL;FORA DE REDE;1;1
7818383;-12,9425196;-38,5004874;BA;SDR;TERCEIROS ETH;26;VTAL - BA;446;SDR RC;NAO;;6504,158903;2427,721029;3;964522;;78560;;;;0;FECHAMENTO LPU VTAL;FORA DE REDE;1;1
7818384;-12,9425196;-38,5004874;BA;SDR;TERCEIROS ETH;26;VTAL - BA;446;SDR RC;NAO;;6504,158903;2427,721029;3;964523;;78561;;;;0;FECHAMENTO LPU VTAL;FORA DE REDE;1;1
7818385;-12,9425196;-38,5004874;BA;SDR;TERCEIROS ETH;26;VTAL - BA;446;SDR RC;NAO;;6504,158903;2427,721029;3;964524;;78562;;;;0;FECHAMENTO LPU VTAL;FORA DE REDE;1;1
7818386;-12,9425196;-38,5004874;BA;SDR;TERCEIROS ETH;26;VTAL - BA;446;SDR RC;NAO;;6504,158903;2427,721029;3;964525;;78563;;;;0;FECHAMENTO LPU VTAL;FORA DE REDE;1;1
7818419;-22,898974;-43,2090622;RJ;RJO;TERCEIROS ETH;26;VTAL - RJ;460;RJO AM;NAO;;8501,152813;384,4850223;3;964554;;;;;;0;FECHAMENTO LPU VTAL;FORA DE REDE;1;1
7818420;-22,898974;-43,2090622;RJ;RJO;TERCEIROS ETH;26;VTAL - RJ;460;RJO AM;NAO;;8501,152813;384,4850223;3;964555;;;;;;0;FECHAMENTO LPU VTAL;FORA DE REDE;1;1
7818562;-19,0039855;-57,6641208;MS;CMA;TERCEIROS ETH;26;VTAL - MS;453;CPE CM;NAO;;9913,716982;250,0251922;3;964630;;;;;;0;FECHAMENTO LPU VTAL;FORA DE REDE;1;1
7818567;-25,4965286;-49,3317492;PR;CTA;TERCEIROS ETH;26;VTAL - PR;459;CTA MR;NAO;;9231,688669;3982,283268;3;964634;;78570;;;;0;FECHAMENTO LPU VTAL;FORA DE REDE;1;1
7818609;-28,2626219;-52,4095841;RS;PAS;TERCEIROS ETH;26;VTAL - RS;464;PAE BV;NAO;;10404,47867;336,8876316;3;964643;;;;;;0;FECHAMENTO LPU VTAL;FORA DE REDE;1;1
7818618;-6,409132;-41,7430926;PI;VPI;TERCEIROS ETH;26;VTAL - PI;458;TSA AN;NAO;;9913,716982;224,9378541;3;964646;;;;;;0;FECHAMENTO LPU VTAL;FORA DE REDE;1;1
7818664;-22,9818425;-43,3653639;RJ;RJO;TERCEIROS ETH;26;VTAL - RJ;460;RJO AM;NAO;;8501,152813;496,9355206;3;964662;;;;;;0;FECHAMENTO LPU VTAL;FORA DE REDE;1;1
7818713;-23,0101622;-43,4422849;RJ;RJO;TERCEIROS ETH;26;VTAL - RJ;460;RJO AM;NAO;;8501,152813;384,4850223;3;964676;;;;;;0;FECHAMENTO LPU VTAL;FORA DE REDE;1;1
7818714;-23,0101622;-43,4422849;RJ;RJO;TERCEIROS ETH;26;VTAL - RJ;460;RJO AM;NAO;;8501,152813;384,4850223;3;964677;;;;;;0;FECHAMENTO LPU VTAL;FORA DE REDE;1;1
7818803;-22,8093551;-43,337735;RJ;RJO;TERCEIROS ETH;26;VTAL - RJ;460;RJO AM;NAO;;8501,152813;384,4850223;3;964678;;;;;;0;FECHAMENTO LPU VTAL;FORA DE REDE;1;1
7818804;-22,8093551;-43,337735;RJ;RJO;TERCEIROS ETH;26;VTAL - RJ;460;RJO AM;NAO;;8501,152813;384,4850223;3;964679;;;;;;0;FECHAMENTO LPU VTAL;FORA DE REDE;1;1
7818875;-22,8930804;-43,2221131;RJ;RJO;TERCEIROS ETH;26;VTAL - RJ;460;RJO AM;NAO;;8501,152813;2523,6401;3;964682;;78571;;;;0;FECHAMENTO LPU VTAL;FORA DE REDE;1;1
7818933;-25,7081018;-52,9159418;PR;SJD;TERCEIROS ETH;26;VTAL - PR;459;CTA MR;NAO;;10404,47867;247,8962087;3;964708;;;;;;0;FECHAMENTO LPU VTAL;FORA DE REDE;1;1
7818934;-25,7081018;-52,9159418;PR;SJD;TERCEIROS ETH;26;VTAL - PR;459;CTA MR;NAO;;10404,47867;247,8962087;3;964709;;;;;;0;FECHAMENTO LPU VTAL;FORA DE REDE;1;1
7818943;-11,9067594;-61,7808311;RO;SKZ;TERCEIROS ETH;26;VTAL - RO;462;PVO FQ;NAO;;9913,716982;404,1467268;3;964718;;;;;;0;FECHAMENTO LPU VTAL;FORA DE REDE;1;1
7818944;-11,9067594;-61,7808311;RO;SKZ;TERCEIROS ETH;26;VTAL - RO;462;PVO FQ;NAO;;9913,716982;404,1467268;3;964719;;;;;;0;FECHAMENTO LPU VTAL;FORA DE REDE;1;1
7819005;-19,91915;-43,96562;MG;BHE;TERCEIROS ETH;26;VTAL - MG;452;BHE ES;NAO;;9231,688669;2436,274593;3;964756;;78572;;;;0;FECHAMENTO LPU VTAL;FORA DE REDE;1;1
7819006;-19,91915;-43,96562;MG;BHE;TERCEIROS ETH;26;VTAL - MG;452;BHE ES;NAO;;9231,688669;2436,274593;3;964757;;78573;;;;0;FECHAMENTO LPU VTAL;FORA DE REDE;1;1
7819047;-23,6098663;-46,6677429;SP;SPO;FO EDD CLARO PRE VIAVEL;5;EMBRATEL;8;SPO IG;NAO;9797;;;;964778;;78574;;;;0;ESTACAO SMVMN25;;;1
7819869;-24,7582791;-51,763325;PR;PIG;FO EDD DIRETO CLARO;6;EMBRATEL;8;CTA MR;NAO;51960,88539;;;;965571;;;;;;0;ESTACAO PRPIG04;;;1
7819880;-12,625161;-38,99016;BA;MTI;TERCEIROS ETH;26;VTAL - BA;446;SDR RC;NAO;;9913,716982;217,5783592;3;965580;;;;;;0;FECHAMENTO LPU VTAL;FORA DE REDE;1;1
7819881;-12,625161;-38,99016;BA;MTI;TERCEIROS ETH;26;VTAL - BA;446;SDR RC;NAO;;9913,716982;217,5783592;3;965581;;;;;;0;FECHAMENTO LPU VTAL;FORA DE REDE;1;1
7819994;-20,4770971;-55,7996868;MS;AUA;TERCEIROS ETH;26;VTAL - MS;453;CPE CM;NAO;;9913,716982;250,0251922;3;965662;;;;;;0;FECHAMENTO LPU VTAL;FORA DE REDE;1;1
7820032;-1,45604432;-48,4882791;PA;BLM;TERCEIROS ETH;26;VTAL - PA;454;BLM QB;NAO;;9225,915002;3948,028043;3;965685;;78575;;;;0;FECHAMENTO LPU VTAL;FORA DE REDE;1;1
7820033;-1,45604432;-48,4882791;PA;BLM;TERCEIROS ETH;26;VTAL - PA;454;BLM QB;NAO;;9225,915002;3948,028043;3;965686;;78576;;;;0;FECHAMENTO LPU VTAL;FORA DE REDE;1;1
